0.707786295316728,0.706740623742355,0.640167743572513,0.541384561796968,0.610264913356378,0.716658837437399,0.574234075730258,0,0.913191750069064,0.813455790479047,0.782330676811241,0.771243605399871,0.925242783276566,0,0.908825482785303,0.684344699301989,0,0.880631176467187,0.698994737024934,0.592861653610276,0.71752444793166,0.749855620373398,0.548080997264123,0,0.772532010069459,0.695989705074057,0.750942175989477,0,0
0.611232680258659,0.625153819586758,0,0,0.661426594181628,0,0.439716341821401,0.713292236263723,0.744591347278054,0.626095369657108,0.190553148813183,0.860463419277317,0.690094856873423,0,0.851863182308186,0.466767425397519,0,0.592390497440904,0.566601125205895,0.563154512553329,0.543077924006088,0.482857960623861,0.555616391364814,0.578082324762874,0.663062068274273,0.594985007756937,0.5953779244778,0,0
0.673043491461301,0.632902325659998,0,0.605197013359597,0.662129533218723,0,0.52535070612646,0,0.933707862252449,0.76579965260968,0.516811830410219,0.819024803478026,0.936960809980247,0,0.871129530902688,0.574199913167784,0,0.643230638313065,0.690403324408428,0.567975507966446,0.619233631731157,0.578373009069561,0.638158654022253,0.680217616757136,0.859141118251748,0.611175195195076,0,0,0
0.759909254245807,0.647796945463485,0,0.591394334690737,0.657547825888452,0,0.557655169349679,0,0.950296494966337,0.792642676993999,0.662513040297879,0.813257814415512,0.991274769573319,0,0.866278951559955,0.675091788487789,0,0.747013843459161,0.760326510436376,0.562440547458713,0.663414354273884,0.779301756518709,0.782683306576678,0,0.861661692156905,0.631022831085389,0,0,0
0.545245916012023,0.590426065365405,0,0,0.580817851432307,0,0,0.702959876650107,0.808470934878261,0.581562935512453,0.414872391222512,0.833597703830066,0.704992889733422,0.610254038330223,0.680032178015096,0.403007398375632,0,0.77837738509874,0.544731291044943,0.689163822978492,0.595820515860087,0.444905822682179,0.394423236094179,0,0.745332164815118,0.550826856973637,0,0,0
0.691502912170337,0.678492520748809,0,0.580053449518614,0.697690428756423,0.754028933439583,0.547514690911653,0,0.83336992097737,0.666876182258663,0.391312707516282,0.877533274518593,0,0,0.882764465658684,0,0,0.793231124722065,0,0,0.640612338579709,0.588506918988951,0.479419261585147,0.976295284467853,0.741702418627141,0.595545025063915,0,0,0
0.419712133127438,0.547620578005779,0,0.851620929431354,0,0.404816472154614,0.576400898417552,0.404058086186203,0,0.530280469462995,0.475064213151908,0.605625957597774,0,0,0,0.176089766276613,0.176361358113786,0.738366893023271,0.246731415637676,0.392074677928011,0.751005991513483,0,0.287913640440552,0,0,0.331569727343217,0.587729286582162,0,0
0.601463741307789,0.576506450255972,0.57993476064003,0.856121304761276,0.544896751252198,0.509982100585867,0.63430772949249,0.602911093270461,0.565780088231059,0.537903869184632,0.648450154231927,0,0.577941918389096,0.346770752686626,0.318998639493368,0.484481125600753,0.336215041520798,0.783936217321728,0.385638766945276,0.630598851529438,0.719106934677326,0.384126291159963,0.353147499537136,0.532820388447785,0.431020271803195,0.455798657189589,0.70148413118529,0,0
0.574422222982182,0.632561389421583,0.434461433992163,0.835309810949913,0.530917744418908,0.423895826075164,0.456482379746807,0.496334874965455,0.539561103795919,0.462123373381156,0.248782179278155,0.908573758857121,0.484986363556611,0.339926477809488,0.325615740262809,0.382409116016216,0.379615666614042,0.58278017481175,0.366513832025463,0.314165134333716,0,0,0.255706990696086,0.523247000163385,0.426552824607058,0.433939966780194,0.474066664598974,0,0
0.705887572573821,0.683663295296742,0,0.578291110119197,0.657265890733742,0.737821766721669,0.60598302829483,0,0.873283289164122,0.719715434397084,0.498081193641741,0.873524412340079,0.809647054441014,0.791902248117027,0.871619028487221,0.533102943749285,0,0.867191152520488,0.732279437134752,0.606655060552668,0.634935702271376,0,0.501967126918848,0,0.756112933828735,0.64506724231583,0.641069666076811,0,0
0.673697755421192,0.656396473925164,0,0,0.687961877427058,0,0.499485232212546,0.893395501874719,0.775313880218423,0.691778667071961,0.320548496988891,0.834361068456314,0.806506737224562,0,0,0,0,0.73890948192417,0.695426530297967,0,0,0,0.642945865509203,0,0.732311055980605,0.692408522695058,0,0,0
0.653666748051061,0.661895551147545,0.553202527625609,0,0.664809293417837,0,0.544831015372843,0.780883015812092,0.789762969905492,0.695101326597984,0.555997301981112,0.857170111000994,0.775967857434347,0,0.857741465529755,0.545276710376242,0,0.824491458005839,0.680507173169377,0.706106891459805,0.617299453452642,0.775974324848014,0.849767317199062,0.570550533941026,0.680709364562912,0.614930070441423,0.712927742179394,0,0
0.803355414312307,0.774666654879641,0,0,0.98173411945802,0,0,0,0,0.737951256963687,0.450759193786079,0.895583058352842,0,0.823186413365305,0,0,0.935700689278702,0.971549510614304,0,0,0,0,0,0,0,0,0,0,0
0.577141650958802,0.615540112713517,0.588235170035839,0.794229720510925,0.53326342257076,0.542844220517068,0.704781396903836,0.541622093858865,0,0.461911358372829,0.535836655523314,0,0,0.332806521479219,0.527121476415809,0.429156028568661,0.335888789864669,0.709146517875891,0.501854294436771,0.517437480083471,0.706589749370422,0.338879274598956,0.376065063426663,0.55593880142245,0.39098031899239,0.468311374706344,0.783016058859503,0,0
0.465780653053918,0,0.556481667767692,0.373856773998538,0.541083418989407,0,0,0,0,0.523519203061729,0.161661326998787,0.732295869439846,0.537129773436503,0,0.670550186532485,0,0,0.294365036795881,0,0,0.344375561286847,0.372444087698881,0,0,0,0,0.653531144112046,0,0
0.467011851911029,0,0.466760452271687,0.992877035946404,0.539018824357212,0.580101052085796,0.705157152606318,0.911294548024479,0,0,0.426646690688382,0.959853029670028,0,0.323979060206188,0,0.414535794225419,0.339237982289663,0.654013076679952,0.396698531526164,0.602587352800713,0.63611055759523,0.254542768375774,0.288823977473091,0.651354381133455,0.501560572204515,0.389107815190107,0.621018593483236,1,0.958685660783401
0.763780186724271,0.79390065727403,0.648784925627405,0,0.749183889362644,0,0.688121873062771,0,0.906609517069916,0.808830228737415,0.391312707516282,0,0.889790126177459,0.725708191201597,0.951928810014313,0.570212039458266,0,0.803198295863707,0.694091966775771,0.632263793334994,0.695779716566284,0.643563072432713,0.822514463616327,0.690893635475538,0.894319177475977,0.767934318541424,0,0,0
0.572094482351322,0.583626153776822,0.639757008071719,0,0.589399890021103,0.602329144072839,0,0.815240668839107,0.887121050576415,0.604126302412408,0.301819226376886,0.837141292129629,0.722643356987648,0.594810320659359,0.730206804129878,0.451868904828328,0,0.70894598421567,0.636363371303883,0.535330363035952,0.500853239951684,0,0.394423236094179,0.890176382379177,0.764221927596055,0.571385431588678,0,0,0
0.690807742920602,0.621350767590119,0.923849532541702,0.853159826478902,0.646980412957453,0.631828770764811,0.821627578683574,0.829538610557246,0.595841818616022,0.571924636866804,0.817386665411954,0,0,0.468438686469726,0.421377818556497,0.972250907652409,0.532027994742114,0.906949456769579,0.489888711681762,0.762159527954893,0.803599301859992,0.697887727455459,0.633219269620025,0.748738157346499,0.487439278163865,0.554708863437645,0.918631744307577,0,0
0.831299034996673,0.800013260715164,0,0,0.992989744443347,0,0,0,0,0.852389262368315,0.494535624969008,0.901239252370569,0,0.866998912371906,0,0,0.968770468681997,0,0,0.997015353422326,0,0,0,0,0,0,0,0,0
0.737571300578583,0.630140063781673,0.78089484948417,0.625089804853076,0.673014352024284,0,0.658761296859596,1,0.968015754472918,0.743856550369215,0.600802700005673,0.824449338565654,0.969384389312028,0,0.880248911993267,0.694832312770796,0,0.768105743768542,0.838592904421685,0.625546445958564,0.660948097497347,0.846318033572097,0.823074908677769,0.685709785554444,0.902757312438813,0.643131104276436,0,0,0
0.676493942231942,0.66152271116717,0,0.52688576536705,0.705525151126727,0.619435693925282,0.559751552429915,0.914037326663851,0.822224506042285,0.673078474586807,0.308427728640414,0,0,0,0.88239841316705,0.459424677833165,0,0.793186463137236,0,0.664962068694039,0.635316313189516,0,0.449838423117494,0,0.730488986463906,0.618829385425739,0,0,0
0.482802017048578,0.557942887069701,0.471239113827659,0.915723531569283,0,0.545587882252164,0.828881896580839,0.645794959556294,0,0.59339626161275,0.689631321237347,0.76886488020938,0,0.317350521527869,0.133984531818058,0.245030800277671,0.232203870057489,0.820588308827387,0.292842443497244,0.297610371223155,0.568170984394659,0.317396557763255,0.400372739840608,0.415992840704772,0.449002330485044,0.47175082023427,0.751730230508572,0,0
0.564111588559731,0.584077674000192,0.538817911862344,0.835035668125835,0.553726709711543,0.485112001025211,0.555776196003632,0.626725333276814,0,0.463772169804417,0.762626248267944,0,0,0.354315516267302,0.383014921026338,0.352196238832056,0.311563650388997,0.769615574523053,0.364186351693068,0.546027042228831,0,0.356085932957531,0.371721267253488,0.520918115309347,0.392502034060351,0.464260489083021,0.655915313007529,0,0
0.800822190694944,0.754110097038413,0.584267782599471,0.638134492239518,0.718807365643538,0.725246934984629,0.605456212562801,0,0.914846154360188,0.840461326249793,0.699659629163003,0.897611086325501,0,0,0.957996271277247,0,0,0.877618571215025,0,0,0.742412399055927,0.79656498139632,0.61500413417748,1,0.801145729880558,0.698242247075412,0.721972407951927,0,0
0.56610097001914,0.621602307302998,0.488211925983497,0.832624045173943,0.52684007770705,0.467334245525933,0.754407410960696,0.45380179092673,0.53141424213045,0.467279281466061,0.509457268874036,0,0,0.33862941877182,0,0.37836914390272,0.373721475114926,0.641437485809017,0.374418440615699,0.341059490958519,0.728968560401205,0.305884052594396,0.245174372738863,0.562413711151893,0.399035139460498,0.457357307866061,0.609500513881059,0,0
0.551033612485723,0.60989972321229,0.476839230920836,0.842505497655175,0.510165992483358,0.48819181637727,0.631009920771345,0.477336141517733,0.621067721726794,0.47779310002498,0.472501948763268,0,0,0.316467313926646,0,0.36859561079303,0.302004782898755,0.595620292723023,0.363322368888054,0.283984367327461,0.718363786326145,0.278300426211996,0.243027210519315,0.464224218422539,0.400996048342926,0.435386298789814,0.71827183084323,0,0
0.747078302810526,0.71972371449788,0.716928462336865,0.565230805220803,0.688138642110127,0.684455462167491,0.600398922555237,0.784659963022591,0.859324463634673,0.949043297211447,0.800112202204093,0,0.991232602387972,0.777823455734742,0.905294500309062,0.774490413058537,0,0.942530067517046,0.731787997085029,0.817463924805718,0.895923708629115,0.835138326980643,0.618048771778818,0.963685053651603,0.962691642031063,0.915455303369728,0.648439310363049,0,0
0.523393936253491,0.536672528237483,0.68503394977364,0.835901908520583,0.497492928795864,0.513591685584005,0.485214440797571,0.46706979177373,0,0.53342078940109,0.808136810888057,0,0,0.323695972309327,0.26018064820329,0.465616066537366,0,0.775997622201581,0.350927705821444,0.278368464540276,0.66968829795094,0.558180792465108,0.643315276329124,0.456410188689678,0.521197764403065,0.436788018918681,0.638191692943854,0,0
0.76040467761231,0.749463064654067,0.795135455565343,0.63299548168117,0.695350142366403,0.822588199360983,0.61780063935887,0.944013065326412,0.93907130811423,0.87238039999357,0.719268295119826,0.863401897473928,0.99922308909177,0,1,0.89751537735028,0,0.840892614908638,0.739218902705939,0.631036361276283,0.748598673734567,0.727092466494547,0.784621880483809,0.736611410509011,0.827079755078352,0.746325476698497,0.691380691718939,0,0
0,0,0.45210662760395,0.828995074587593,0,0.413716883595314,0.538088366874684,0.468064281819086,0,0.434938451892591,0.360086078270252,0,0,0.257866148711476,0,0.241621746603047,0.236573792643039,0.668798015208402,0.284434657223323,0,0,0,0.321819523917218,0.451246494516174,0,0.438727654435723,0.635703305263588,0,0
0.595316000999281,0.63429063895513,0,0,0.65679777208371,0,0.470948921484145,0.713292236263723,0.737414137926113,0.626095369657108,0.360046618070757,0.853935811993668,0.720213458056021,0,0.806196291854886,0.466767425397519,0,0.741322101665638,0.551886909904392,0.603542506725487,0.534808949576561,0.645817649479008,0.774263277889031,0.520952145185181,0.641503563646067,0.583206384349359,0.727110157255586,0,0
0.613758259076357,0.606317231501684,1,0.842204918621261,0.591190348114879,0.472939798245527,0.412639429297646,0.448522596640801,0.543811690241819,0.606605657549975,0.834826852321987,0,0,0.397815980014204,0.347003227535776,0.774490413058537,0.303825543197905,0,0.511029208339676,0.470854831131856,0.749465968133031,0.550432617713837,0.684583011492384,0.553802000376847,0.455706310630881,0.610805474945689,0.481538751143249,0,0
0.664139375199169,0.664667309026241,0,0,0.634753539877299,0,0.514343540038444,0.750054786963107,0.766605638963846,0.77036092771964,0.676861901675895,0.816350816083049,0.841871880792305,0,0.851863182308186,0.533334863388367,0,0,0.685039241989454,0.577502992658494,0.584117328537579,0.6664136916237,0.736646476530596,0.507236334286598,0.672283130475791,0.782602172962088,0.681137559024207,0,0
0,0.729482400383719,0,0,0.823227693807088,0,0.547908071142888,0,0,0,0.350437962833853,0.8109260933732,0.591705707070002,0,0,0,0,0.732645462496788,0,0,0,0,0,0,0,0,0,0,0
0,0.738075816329918,0.714474547075566,0,0.830069221161794,0,0.680014038437748,0,0,0.789997373949298,0.175241398140635,0.794449437523357,0.834317675594174,0,0,0,0,0.719517638117114,0,0,0,0,0,0,0,0,0.884757482342215,0,0
0.56029451044897,0,0,0.461443299067417,0.598047340663646,0,0,0,0,0.607508982349347,0.352276389133584,0.759977546639969,0.693842157751247,0,0.761613006756711,0.399371955908256,0,0.62084031668674,0.488934703192799,0,0.567363304940001,0.452821680933078,0.300369416700009,0,0,0.551685357829678,0,0,0
0.725390830227113,0.632902325659998,0,0.588299185689898,0.625145861103775,0,0.557655169349679,0,0.919366370869995,0.843253578256393,0.738564775636062,0.803053691277763,1,0,0.861213542852099,0.611901627637649,0,0.8867734626722,0.760326510436376,0.572930526174062,0.668123436784756,0.617874161783883,0.763216749061,0,0.868697234039885,0.707926680053768,0.658985003012558,0,0
0.833868620651071,0.813692159358438,0,0,1,0.979900575684831,0,0,0,0.841513926040787,0.616292997974647,0.908026259860139,0,0.87643105229758,0,0,0.983387108260907,0,0,0,0,0,0,0,0,0,0,0,0
0.600959978937214,0.63386898442189,0.53679398841668,0.851404690429865,0.54579114572305,0.524191144615874,0.68980079669947,0.592395832044023,0.604566201886073,0.474147571594973,0.256319749136928,0,0.589551843029156,0.34376151656209,0.33512332731808,0.460623515887749,0.527672057153745,0.4818943998334,0.429141924262256,0.496064609653593,0,0.307066706575342,0.284197851784581,0.604246120005815,0.436856226307157,0.460718677477866,0.716479069835514,0,0
0.566833893560891,0.627751315833066,0.445024401217866,0.822414714656273,0.560195380728784,0.460662462466761,0.556672522959616,0.490909317342067,0.546140960788776,0.441195971043924,0.405989845104804,0,0.455014090476057,0.306449156366632,0.278826924618793,0.352348030276803,0.298365846179934,0.694933502540135,0.341488107853669,0.420880776630787,0.710424117700134,0,0.345741217583188,0.466048565521719,0.399111077599962,0.425660312836935,0.670241428089495,0,0
0.616120623339431,0.63429063895513,0,0,0.667331873484902,0,0.514343540038444,0.780883015812092,0.785015511302323,0.6532473119581,0.285233571854002,0.872614358293355,0.733210288467206,0,0.845600311716618,0.496447116689032,0,0.573131033847069,0.619409509558723,0.566392024772376,0.541080492540919,0.515894940465204,0.623427915647698,0.562388398530912,0.680709364562912,0.600375598887283,0.669537041708237,0,0
0.677831257854591,0.679927017846301,0,0.518291619735942,0.638399294225502,0.730585206424603,0.538123399625053,0,0,0.659411745623107,0.280658821570729,0.853971102866213,0.732720159017824,0.73242990403773,0,0.478956471263889,0,0.750104814891708,0.652471154235222,0.606655060552668,0.58700033553316,0,0.407925953648034,0,0.747568985434198,0.603247790319258,0,0,0
0.576982903608843,0.640500545196052,0.822032305987625,0.851060707234015,0.540139952413739,0.531544635342348,0.657308918778757,0.519090359349648,0,0.48631798817693,0.663485837986563,0,0,0.334946194845048,0.310662899324732,0.622002726226612,0.34523944294736,0.797207486174488,0.41964576192377,0.486109104995834,0,0.437052486473649,0.600316328094704,0.603794732727746,0.403812683055869,0.457514267393479,0.727753687182679,0,0
0.656519847516012,0.671925058742864,0,0,0.660525488700614,0.621430153235109,0.520289018049557,0.683092685012023,0,0.687367720478614,0.421458487305212,0.865581215851102,0.824667342435058,0,0.874466386076731,0.476957844470888,0,0.802296939638608,0.660136345303153,0.702671923710946,0.637293823279473,0.592398104279059,0.526195895392448,0,0.727612064226178,0.620555362001887,0.665521870535134,0,0
0.616789496624551,0,0,0.501265232187106,0.624398430573269,0,0.502742659563775,0,0,0.632678364735382,0.379869059616238,0,0.757498489571868,0,0.83247259389945,0.51176463464764,0,0.764268701574245,0.630770929056501,0,0.567363304940001,0.546722640098686,0.445903607154981,0,0.709886245397616,0.579846547355944,0.542038850069381,0,0
0.682570144938326,0.686637228394671,0.670440239877103,0.496419964537326,0.665510829017453,0.675001924052004,0.520289018049557,0.71651795954863,0,0.724527169012175,0.536918564466138,0.859378504425429,0.869550142018468,0,0.900931628148255,0.749463217740941,0,0.806362304667869,0.678065508905564,0.628033980259438,0.646024588318727,0.641629221277026,0.469854975205622,0,0.768862422811118,0.647729851068466,0.718166035082001,0,0
0.78423929535074,0.731372773096006,0.68294522962873,0.611733733259034,0.690508920112849,0.797499093653668,0.627917848116105,0,0.9565452064412,0.754816615978927,0.391105343649832,0,0.883384463497667,0.814758135144,0.949008550992773,0.6106500155521,0,0.799952774215712,0.769282797119655,0.762559816950855,0.917488243361545,0.689026833276826,0.502998006215835,0,0.896894306639494,0.684574189610197,0.736246936274516,0,0
0.503917936107064,0.590163834206801,0.375680878671249,0.800831490473249,0.460337217097755,0.385564870162214,0.388257878375629,0.295464497600253,0,0.380059556083368,0.216652774600917,0.848928449094598,0,0.232251044682657,0,0.297866705008481,0.191283387389128,0.392852108546801,0.268920993015077,0,0,0.208754974293729,0,0,0,0.366358039569839,0.522903547686707,0,0
0.488111225978685,0.420699240124636,0.445543331970147,0.851453374024442,0,0.544807524414828,0.773957744361066,0.657477135528555,0,0.536999955352051,0.480783122956835,0.786208445416398,0,0,0.136536899133743,0.299161985357761,0.26082609756339,0.758171105957878,0.305747187601391,0.656144460605524,0.603482265558715,0.2395264873051,0.3336743656304,0.474877433035544,0,0.418230984538583,0.694571469919631,0,0
0.763780186724271,0.742222357287619,0,0,0.751755193417597,0,0.688121873062771,0,0.901843900991785,0.795308690466596,0.393654883404299,0,0.884752960548336,0.713331876921682,0.92891938528688,0.588894973384349,0,0.719618814050919,0.723508704600292,0.611153866739063,0.695779716566284,0.627072206513661,0,0.573012545813934,0.874132813891333,0.735113005658493,0,0,0
0.539582004779351,0.613164891574578,0.446495156744216,0.847224240717927,0.521561812897212,0.447519654982735,0.49388765355246,0.440408033938316,0,0.45411132679179,0.324177682133343,0,0.502998497492523,0.315579671791685,0.262708539656231,0.348039744245684,0.291973060344312,0.655052148371455,0.351619519498812,0.302108126093608,0,0.280116619420015,0.388638645754462,0.452749264175064,0.392502034060351,0.425305855441611,0.586941978684424,0,0
0.654401259572647,0.656396473925164,0,0,0.683619579248259,0,0.528567000932881,0.856434747725065,0.730578471022593,0.673474691330453,0.401879770714826,0.856992046498416,0.806506737224562,0,0,0,0,0.831570138500401,0.672110062778696,0,0,0.945261319745783,0.793911052750226,0,0.693783083401075,0.567537714913073,0,0,0
0.509400890526214,0,0.834862608876304,0.981001250930831,0.566996689750255,0.580613789264263,0.801453630629084,0.743958083815986,0,0,0.725402385231378,0.863774766373277,0,0.331726894589181,0,0.579668228053844,0.343354834044647,0.791578857099179,0.379872717363701,0.347797423610681,0.648342758254258,0.463769400515752,0.521341348944846,0.567044075715913,0.498311507174995,0.456093922548326,0.724827723891733,0.791626213885011,1
0.560001754218837,0.564569605667032,0.80051515404257,0.848274475090995,0.507586812362429,0.427144513798164,0.535222157004879,0.439307704320117,0.539991566962311,0.481702432924134,0.570260857089837,0.949859054232219,0.549173403763131,0.317643946248862,0,0.691448792848265,0.284297349831727,0.841864134755991,0.363872841553666,0.427797228097284,0.732972834357953,0.343814814839143,0.418291513940525,0.473499757119653,0.412484838278951,0.430907488023375,0.620494928754971,0,0
0,0.567899566274866,0.412477523294876,0.810124976124225,0,0.43792207831769,0.542572926510448,0.411480166411017,0,0.367425658422729,0.542569874437889,0.866799538611733,0,0.269018660879186,0,0.326270804599987,0.24905459361727,0.589313102301887,0.393927401183774,0,0,0,0,0,0,0.386986459442188,0.692354060523019,0,0
0.685472052038268,0,0,0,0.600295286218534,0,0.541379158426533,0.869699249701207,0,0.830069313635806,0.678684973364407,0.853295038018573,0.823298850299568,0,0.751302734602604,0.503200827812676,0,0.935601424451001,0,0.742105662854773,0.649676732169876,0.855630010243797,0.818144426407044,0.582909472313781,0.903630225708874,0.782341304375671,0.693024597352689,0,0
0,0.508863501730413,0,0,0.823158546647787,0,0,0,0,0.490235619675947,0,0.731023060095687,0,0,0,0,0,0,0,0,0,0,0,0,0,0,0,0,0
0.543767124580518,0.594779799897927,0.665468407274616,0.850053590821102,0.508925498610701,0.458243700539535,0.541139217865679,0.443682754676006,0,0.473438229883773,0.43157789930141,0,0,0.29516439209589,0.269253212478439,0.576906310839658,0.33129070580535,0.696165102804597,0.359807714649446,0.391712407492266,0,0,0.428541397756159,0.486441519059981,0.405851846039119,0.422005148103588,0.616486131463791,0,0
0.619027383371264,0.629843924750344,0.502831871834269,0.873090196219603,0.517679300376497,0.521774350080287,0.693341019639328,0.481148122407147,0.649642678730009,0.480392068439597,0.519135414599012,0,0.63956499996897,0.29549701374399,0,0.467268426548802,0.29348697305983,0.798513097744103,0.360695346310542,0.566632327196966,0.780890130387278,0.281018345845334,0.209941603242039,0.565542313330634,0.415348297936608,0.412955824813235,0.777613555352484,0,0
0.573018630522715,0.551128667712072,0.581923863928409,0.831617977459722,0.52284343366048,0.522065973611505,0.606070644659278,0.655230348121989,0,0.489609924142768,0.757530480857126,0,0.547236242800404,0.337584875976459,0.352693452892074,0.357714350872333,0.296548667672276,0.853555983123839,0.40438670592255,0.31450687078088,0.679847651496704,0.395141453002285,0.440516676407051,0.566823513865822,0.420708003335993,0.476183559962058,0.682180065352079,0,0
0.853166735793752,0.810178614914991,0.619129548147692,0.710616400735327,0.876338999675772,0,0.73039289681193,0,0,0.772749387627486,0.370678156394618,0.937192091708628,0.917952214339248,0,0,0,0,0.80685626588331,0,0.716949090290676,0,0,0,0,0,0,0,0,0
1,1,0,0,0.999789732556569,1,0,0,0,1,0.782526988753838,0.854143703712914,0,1,0,0.895277748962132,1,0,1,0,0,0,0.875362093387631,0,0,1,0,0,0
0.784269931312525,0.76965741001139,0,0,0.990670462696254,0,0,0,0,0.75188898839391,0.471105551944443,0.876680638654728,0,0.813609294010614,0,0,0.948993155764759,0.993813301731701,0,0,0,0,0,0,0,0,0,0,0
0.614436634392449,0,0,0,0.618836662748914,0,0,0.765567328171519,0,0,0.358296021673657,0.921842169362022,0.72047529026414,0,0.784792350024907,0.413116004590711,0,0.830855761907075,0,0.760553810613342,0.580464048967932,0.535144529170147,0.620178353963523,0.542774851681944,0,0.601604176784767,0,0,0
0.66759198299963,0.661026148035184,0,0,0.68293457844299,0,0.551528927080303,0.893395501874719,0.709848150459017,0.662909661532491,0.359928151382501,0.835569381708061,0.800009107976619,0,0,0,0,0.774467026480249,0.698840589939612,0,0,0,0.678769690813789,0,0.715065356777328,0.616253965828315,0,0,0
0.589572977724215,0.620057252596666,0,0,0.657075938754197,0,0.394442182753046,0.667485597978052,0.729757238930276,0.655212028263558,0.361730592855679,0.850114323908615,0.720213458056021,0,0.815478289648271,0.482554000438717,0,0.638124450818577,0.514219893591308,0.551862116801902,0.520910504032288,0.515894940465204,0.568359428842958,0.520952145185181,0.652878709470881,0.583206384349359,0.671328892755981,0,0
0.633792819996937,0.60801757946045,0.484152481987251,0.861170159151377,0.552878347981597,0.487947072655281,0.605588096501292,0.531573683650067,0.60204688491725,0.49818413589115,0.240800631586007,0,0.619331865373161,0.359943206953263,0.318998639493368,0.39311357213222,0.357261679876625,0.569560762394708,0.381595382217644,0.453489067826717,0.748100736998332,0.319986785968089,0.213154903751738,0.542191268943065,0.443778541050561,0.451229690682355,0.657619648485981,0,0
0.488740735156221,0.611189647121522,0.350503486768831,0.83526415862499,0,0.380210949743703,0.365418636413412,0.260736848964433,0.603749891362142,0.431534957998424,0.130333212423541,0.769022765841444,0.569757680821248,0,0,0.261019613129861,0.200405217861239,0.330760827472115,0.278662026977818,0,0.727749211537599,0.203449647593167,0.142569572498552,0.356344706027793,0.384212910360395,0.318510392160974,0.454549184608124,0,0
0.82991770239885,0.389979982219612,0,0.560001200030473,0.739368525200507,0.680544421388981,0.638392667410112,0,0.564102891652061,0,0.108282776340813,0,0.724659107558835,0,0,0,0,0.656584987780647,0.621493848769359,0.417355679113919,0,0,0,0,0,0.515788387127553,0,0,0
0.617414143504813,0.580934015850574,0,0,0.598318700926428,0,0.469886057882717,0.698501339021418,0.730358278278287,0.59522706424562,0.358456337862046,0.854963444607794,0.701941607119001,0,0.730033489637045,0.502748433898318,0,0.706399957030467,0.637833837737969,0,0,0.49346586268783,0.419710642722366,0,0.717312803749976,0.54266043746907,0,0,0
0.741514420336551,0.758696485933448,0,0,0.740885995332196,0,0.688121873062771,0,0.867342196100864,0.768596153851856,0.339800971953834,0,0.849448906705395,0.688856385257767,0.896224222978593,0.53328850764462,0,0,0,0.593511544982505,0.697922591603544,0.591139801052751,0,0.877580219348837,0.874132813891333,0.726499289183127,0.751020169563146,0,0
0.787906067960211,0.765783018769778,0,0,0.722084804296218,0,0,0,0.840051178927311,0.856693481727651,0.659054304238633,0.794619006719156,0.941776330761333,0.736809645103218,0.937360539940568,0.55935135372894,0,0.748051010138466,0.710024877725927,0.589039707354856,0.695779716566284,0.816098525238103,0.841004649988596,0.559446515658937,0.874132813891333,0.752145078601545,0,0,0
0.625408262018761,0.672386946604249,0,0.515292017648651,0.669784747513059,0,0.568358303515194,0.887553453104472,0.800823172965871,0.730520319239594,0.521998349923859,0.881330810842478,0.801412065081668,0,0.878211503378862,0.526849223016637,0,0,0.685039241989454,0.7921262710922,0.755380120537379,0.637773216238408,0.821481332233221,0.594789394576463,0.708616616703752,0.69639577959218,0.689636302758214,0,0
0.459163720535337,0.453593302901339,0.445058327216406,0.886727236625442,0,0.564043352529033,0.785925510103854,0.71551399467778,0,0.514634405896324,0.313995734624737,0.801641178105446,0,0.30105788295705,0.154438087298719,0.342962310206192,0.314818444916918,0.585838837992402,0.336545995556647,0.461281255264185,0.619738365305349,0,0.238466781672495,0.552395398471939,0,0.398574151805086,0.699842225862108,0,0
0.585195395626437,0.592528002150911,0.629816100211233,0.853421298108802,0.53911047342624,0.44860035224433,0.478230994000803,0.430342267786413,0,0.482699080072958,0.470564756864849,0,0.510094548184405,0.331184598600107,0,0.502805056523755,0.312205908986947,0.712476753748477,0.370302499619482,0.416660980604117,0.746680555558811,0,0.405637170241744,0.468642493882104,0.40534487902588,0.445880222737502,0.554117873199248,0,0
0.797260931875741,0.352410889796939,0.540702131430694,0,0.721381289156538,0,0.587621565893921,0,0.541105082977862,0,0.286794147521325,0.870909939227706,0.724659107558835,0,0,0,0,0.792154697413146,0.650359143899579,0.565714358720959,0,0.510081771306487,0.426200010285565,0,0,0.512209375137868,0,0,0
0.646488089898147,0.675172185683955,0,0.490831201116181,0.661064138802557,0.713956187126615,0.520289018049557,0.745765357563537,0,0.663809918468414,0.295999216462171,0.858744037541845,0.793847032782624,0,0.874466386076731,0.486194975881082,0,0.730632291712498,0.646296196352113,0.655249780923785,0.665266339928775,0.606641053403465,0.460466569652244,0,0.737493911098587,0.609417494816395,0.63636187469977,0,0
0.56570498356775,0.583173016646785,0.44422949011359,0.843073059107419,0.524910073065462,0.529931722628202,0.707271815697974,0.553503921305881,0.539259050499353,0.491702541530368,0.685855020741178,0,0.476086386881395,0.327341222150718,0.30505529865483,0.342153477973503,0.311563650388997,0.924907487013422,0.379525421956686,0.631000717149082,0.734103424869921,0.401990251573409,0.453983527435228,0.454618998529304,0.409490184787211,0.448863790877726,0.791553801504423,0,0
0.515093448099031,0.462995884219481,0.534870136016667,0.913281518493785,0.539541588602054,0.57209455827621,0.815444180133604,0.747381773500892,0,0.513123681347679,0.560596054574178,0.794946408158356,0.545933782905663,0.313190603626295,0.147525615687305,0.408040078380853,0.251236077456266,0.701339292048962,0.328966344188341,0.394397651253356,0.598154844455067,0.268953848584492,0.425627573400191,0.539951219343393,0.460601339475428,0.443805623383702,0.719254791331527,0,0
0,0.505600481998624,0.657023327056323,0.816339700959299,0.510947235738862,0.446693636233406,0.57715168168618,0.487694071814998,0,0.44901380961847,0.54897234101115,0.898873591991742,0.435447313793926,0.276204631330764,0.248413793471704,0.480798534995727,0.295352127100746,0.824961083563165,0.356195171482198,0.574168729267543,0.685832913901735,0.326136274976221,0.51866522327105,0.489923692148764,0.409701240479752,0.395095023983572,0.661810032243277,0,0
0.403483793685027,0,0.763743511469208,0.983434386379212,0.451406030833857,0.569185111282857,0.821597976218687,0.691564722780445,0,0,0.609697114613226,0.816340807265478,0,0.238782227917499,0,0.673212720567185,0.258818389968436,0.74600226523895,0.263931348743527,0.491203590975167,0.623910140259751,0.256084473811069,0.361261075336324,0.510573518007413,0.441955222215442,0.331503306822306,0.706012219323301,0.838070549066504,0.951117900326496
0.590210054689,0.604188527488963,0.732070248500023,0,0.602339941309086,0.582191539250944,0,0,0.932419134715117,0.593434405642775,0.287950038507617,0.86388000456534,0.774232264097439,0.619529235386096,0.745984486131392,0.46698234158198,0,0.556637150162406,0.645152619215934,0.535330363035952,0.574447798640153,0,0.374021297669226,0.914272136258609,0.786021096412618,0.581434803561921,0.766546483960934,0,0
0.658319296609442,0.681037421128432,0.6202228604998,0.525719879149703,0.597751334638116,0.576344215831664,0.480544325470365,0.800302956353484,0.900777911935856,0.765212931353298,0.623492829261414,0.82958833127996,0.944664871904885,0.717381232087577,0.834054138618676,0.551368288476796,0,0.764950815071401,0.650108904144342,0.676175414092838,0.647013091859788,0.640585201937537,0.487594307750827,0.958795148087097,0.835823922041762,0.667655257359137,0.646894247212259,0,0
0.167853436304962,0,0.408882766646556,0.992408977702501,0.455744852298766,0.511934996715863,0.555372584017018,0.468560176446194,0,0,0.388190359677673,0.872629850316702,0,0.252438925355645,0,0.314488525782054,0.228815448167577,0.568221077034296,0.313495433839782,0.315005653172058,0.589057099198092,0.19799432728985,0.267664274072915,0.501217483088777,0.461328063127186,0.336509495370577,0.5319894992135,0.769469994749597,0.943519537422469
0.539582004779351,0.610195433394961,0.417838027319114,0.829237055920536,0.529621173567737,0.421069854441833,0.438046681614549,0.365765870685118,0,0,0.414155305444964,0,0,0.311377373845844,0.28057298750316,0.327168081053229,0.319423506157999,0.572533683937723,0.337799287983039,0.467461454005472,0,0.285903900564227,0.25497736374301,0.449557626986194,0.386810570698256,0.405093252713463,0.543992584145525,0,0
0.591622535828568,0.525663902491915,0.562030538542045,0.896362692270046,0.596032883376181,0.578763489805512,0.853381524936345,0.781674185021067,0,0.679932727694036,0.712828281788085,0.796604600533029,0,0.367621047006108,0.216976780110392,0.460175054394344,0.31010549827558,0.82639545658209,0.376784124853592,0.778394090801544,0.63023243877453,0.399084764755903,0.459048341127545,0.51882650696238,0.627594846657347,0.540840080567555,0.769678943627477,0,0
0.654401259572647,0.640604708526829,0,0,0.688288874349258,0,0.459771012499181,0.752526288189846,0.705266533873996,0.654201731271907,0.38023017712497,0.843870163084662,0.778686656366129,0,0,0,0,0.783114686355773,0.615137580165626,0,0,0,0.768941068681964,0,0.680944940635915,0.599805657329886,0,0,0
0.800377683813119,0.718470315655316,0.692349006906957,0.636997530471147,0.691798811348118,0.823757592043318,0.60598302829483,0,0.991624903356882,0.783779307458987,0.493524076815547,0,0.880617650720033,0.831375485873892,0.962388864747574,0.594584746192796,0,0.719913377405816,0.760274800347179,0.627627166250608,0.674422271128947,0,0.472295051380278,0,0.817749768519296,0.694586137454364,0.78505909300847,0,0
0.525640303978173,0.545056320403981,0,0,0.587460013060376,0,0.39826940901652,0.696352451874839,0,0,0.524831047388412,0.833202950249989,0.631741314635526,0,0,0,0,0.881755113477815,0,0.725442211171269,0.529273046067623,0.66401805523697,0.710225314325284,0,0,0.510107399280192,0,0,0
0.589622069952223,0.588167463604104,0.765016972366314,0.843855704689498,0.561145954122479,0.488055905883955,0.611232806002776,0.715111376373613,0,0.567288469269843,0.87612239669456,0,0,0.380611946143158,0.296128743870803,1,0.330813937694346,0.873944879156934,0.400717761139223,0.405310573759139,0,0.6614044382552,0.664671665326135,0.515009486368151,0.421355460158252,0.533468290049072,0.690898545851033,0,0
0.556028527988671,0.676993523088862,0.796604057258253,0.783394857100705,0,0.543337899635137,0.784421186882002,0.689360513734298,0.522177273277262,0.654557819535723,0.809405839763896,0,0.51870293006856,0.336534124866523,0,0.58544233229704,0.349444341042525,0.933642883883074,0.428428289102476,0.441648961153474,0.744344797950487,0.433615544109587,0.49883176602594,0.563372217949289,0.426116725311614,0.521900433362628,0.786915128041154,0,0
0.388314862078564,0.412225672153221,0.586066153681412,0.916646628408004,0,0.519140447430478,0.76261112164479,0.702749202509252,0,0.430319861636957,0.254562032181238,0.745200578397775,0,0.235079718689757,0,0.435180941068867,0.268178144107826,0.544291837174673,0.258742066484078,0.579326292066045,0.597051313678343,0,0,0.524446876303912,0.480048984614548,0.338964946166255,0.684255620816069,0,0
0.686437432577978,0.683964990738334,0.646684012484023,0.506552204378033,0.670244017075991,0.78583728609994,0.553778216165537,0.745765357563537,0,0.695705194499394,0.429014857338633,0.865277665576794,0.841548580239045,0,0.905507723582908,0.510424152773348,0,0.814869967506819,0.688567075999482,0.698465343591196,0.883598203772572,0.724985942757875,0.512824652010861,0,0.775258512033518,0.630515007187664,0.742488845426165,0,0
0.751347566864037,0.611260364368851,0.593032692083532,0.803802199552997,0.573940981697743,0.57824321116522,0.785400458031933,0.800598036303043,0,0,0.40196029526905,0,0,0.345773354532959,0.338903501140631,0.559273164031988,0.42264344278601,0.668648726881616,0.409067207092338,0.574950183785154,0,0,0.262757512186207,0.583106129206492,0.428467692051747,0.467038682216995,0.854132416903534,0,0
0.716854638170804,0.715332440568548,0,0.558788416356534,0.649691760200035,0.737524681172106,0.61788138337168,0.985597752622761,0,0.835894839608525,0.710447159581629,0.827623975840777,0.946473240586575,0,0.939578882179483,0.554102941417349,0,0.825706605254112,0.764637477507132,0.617181997786928,0.659085834366307,0.688483104813737,0.532545153371673,0,0.789524626515514,0.709053164947988,0.649510384052557,0,0
0.664296441735538,0.669895358065979,0.588366332952166,0.545092772034802,0.684277386211827,0.693970398218198,0.445744988409626,0,0.812404372711904,0.675074406678355,0.453564695464844,0.857755474673995,0,0,0,0,0,0.731979843834442,0,0,0.590247654075033,0.570105857662234,0.458680785627753,0,0.708263195235539,0.625552726035495,0.731989031784782,0,0
0.167853436304962,0,0.377816128164477,0.984604783214999,0.252185111468413,0.505344599934291,0.503590162829034,0.544641206575953,0,0,0.292233547112767,0.831597502207466,0,0.216868446581568,0,0.328770004290544,0.267592660000857,0.460688348832056,0.290791033999564,0.159522177754857,0.557178835762223,0.20809973052704,0.229219184209332,0.480756078068352,0.471568264919317,0.301748075911496,0.488599114536424,0.69732081613498,0.896978170598334
0.413493100659794,0.607404751167052,0,0.809196284161995,0,0.335653607870122,0.229263847607889,0,0.561812550556563,0.359673737401478,0,0.183577380035481,0.455014090476057,0,0,0.182685755618717,0,0.0868216836878599,0.207464170898137,0,0.710424117700134,0,0,0,0,0,0.402268996854462,0,0
0.739384275329658,0.396374743303233,0.481906780882754,0,0.58455245031133,0.400771466136551,0.408579297169266,0.412089692150021,0,0.537393742572451,0.211508522468036,0.427323728124307,0,0.361322576919535,0.376774608489368,0.416142401535184,0.317526789392009,0.349693015283075,0,0.473424703673844,0,0.404615722058294,0.448683328438948,0.986429878114502,0,0.510121634287403,0,0,0
0.403483793685027,0,0.533541808608428,0.968187735801247,0.488303052669536,0.569600761938051,0.735948857968744,0.627835696323129,0,0,0.701810577466056,0.885690927102291,0,0.255798425095598,0,0.370627948213604,0.217656047986102,0.734124139360113,0.308902239006325,0.336914407793474,0.58339400164741,0.307851134907075,0.388940603904958,0.477267863537112,0.449635013737648,0.386449999610125,0.663506894188006,0.746119059255045,0.933344644960007
0.167853436304962,0,0.375567216674465,1,0.252185111468413,0.52118908607632,0.754995110709555,0.628112585388314,0,0,0.0918733034243585,0.701580001985303,0,0.19714404607516,0,0.28379607977594,0.227166628024503,0.377660862932493,0.297506547890132,0.472555837538232,0.700681395637508,0.15302305510399,0.219987162793585,0.416996761162556,0.212827412780979,0.295846475223166,0.657013099404084,0.809009651177977,0.889380005767413
0.429333092214498,0,0.814814117294051,0.983364317144933,0.519897937519652,0.685338501780565,1,0.94164395334145,0,0,0.602940642595425,0.930997013898155,0,0.313491008717803,0,0.810369956161448,0.402680747826213,0.794099777134153,0.360695346310542,0.715506608083268,0.647446572775878,0.336869161590824,0.517364392242407,0.630908591942588,0.476286311721131,0.38419466953235,0.873150055555873,0.7706826491655,0.936122142835137
0.655992712873484,0.626396521031348,0.851509404625661,0.83249364308786,0.569650871113983,0.497411817330864,0.663239540185387,0.624210440188221,0.530913046492902,0.464155023509181,0.616654145867507,0,0.472758738681169,0.323412430381965,0.278826924618793,0.780508464861297,0.387346393014033,0.820410003764062,0.404845264975567,0.476285095683758,0.754109603001217,0.39136994981242,0.508771069120742,0.65275604016816,0.410960826813447,0.446989676333834,0.720080963142874,0,0
0.589081260720378,0.55851111681376,0,0.557634336722744,0.63331108706914,0,0.479023793587857,1,0.859658666101052,0.617227624786553,0.320150329805411,0.81171523937218,0,0,0,0.458064632629727,0,0.684369031792448,0.636928703365119,0.6602443319054,0.612634017662734,0.490905954084579,0.631195550568773,0,0.834543955465997,0.462792508353276,0,0,0
0.604185122826821,0.619035631729962,0.660050258100911,0.542864440428602,0.637575735834008,0,0.499805165654529,0.870728612364809,0,0.680366597910067,0.41319176665387,0.865922757118756,0.735239042653478,0,0.807652597161165,0.705622840801961,0,0.784842460165743,0.723885832479886,0.79373001776551,0.604134633851628,0.696534648367705,0.815509597028528,0,0.83211147360781,0.603094687601624,0.662666863465029,0,0
0.37072367367791,0,0.439105897891101,0.98124432350802,0.476172039201821,0.558871562718075,0.693723772649182,0.594281034711338,0,0,0.520287854763291,0.898991963210443,0,0.248147735216163,0,0.320586766555681,0.245845412206391,0.691067349622459,0.353077485835845,0.471085557255695,0.625352045396671,0.269909143128935,0.439432289215346,0.497847669773813,0.460892489293024,0.356185207259835,0.616826788170603,0.816450391471634,0.928719630050512
0.646173434350455,0.657508566327236,0.510250272821966,0,0.668320850758147,0,0.514343540038444,0.830862196255444,0.818349172516155,0.718625520231483,0.58017016829982,0.86780528344924,0.793401295700172,0,0.857741465529755,0.550831960933028,0,0,0.685039241989454,0.62940276271283,0.61265518277066,0.779131634755175,0.780112999585222,0.578082324762874,0.708616616703752,0.666064228865846,0.712153449835955,0,0
0.557937975265359,0.566957057126764,0,0,0.630079893425019,0,0.39826940901652,0.680818964853438,0,0.568821723036504,0.372312017519131,0.877221545813569,0.735239042653478,0,0.741333297296153,0.404308198452173,0,0.708832945724538,0,0,0.619091990805583,0.44548213700964,0.587365661079212,0,0.712390917946694,0.547203848417594,0,0,0
0.599161576960623,0.589073340677283,0.826636196413459,0.827881552911509,0.563345657671785,0.487483487956915,0.546261880947359,0.557472125989521,0,0.496357628324477,0.776282826132798,0,0,0.346023232106452,0.453109216387743,0.810347315231036,0.292637817734006,0.769024491268815,0.35940222898936,0.387311032544143,0,0.503378842006255,0.470095793828824,0.501374083287315,0.454086129444343,0.484606345116781,0.680154683432951,0,0
0.631210367970628,0,0,0.491019962533328,0.588095672419713,0,0.502742659563775,0,0.812873859857581,0.74645364349864,0.596207981316747,0.749414590519042,0.835538051908109,0,0.83247259389945,0.488139286061445,0,0.770324566021879,0.611047395096153,0,0.585195595666821,0.576533811312521,0.48412948046037,0,0.704388961419041,0.627093943321949,0.669779889479053,0,0
0.744805115428202,0.697328409552691,0.818841047300943,0.496782140662698,0.609686448149271,0,0.541379158426533,0.835704607067665,0,0.74482732035484,0.547119825471517,0.864739298792413,0.89771700974862,0,0.897149408186608,0.912059115237739,0,0.848754157974798,0,0.820260114800164,0.901459309543845,1,1,0.682459726105354,0.972287285754585,0.686147188298959,0.760357873446928,0,0
0.685250608496035,0.678492520748809,0.575523036520999,0.550399818138081,0.703628978257541,0.642217700540434,0.480908967826064,0,0.806617073649827,0.702684314719696,0.531169514258244,0.874404389646896,0,0,0.882764465658684,0,0,0.76461629764939,0,0,0.616765569823757,0.623521686354347,0.453342353039045,0,0.731864569780189,0.625552726035495,0.735217622072007,0,0
0.597390475450258,0.692308787578384,0.502362818353834,0.793132287077108,0,0.531196582602424,0.719778533366008,0.702327367619638,0.641768462079744,0.684382475886911,0.422839855723792,0,0.704044597898931,0.38844371598702,0.451158535679341,0.487264276297277,0.433428714259339,0.528620412175272,0.456924079875196,0.395562854612178,0.758894876428243,0.332440726557639,0.321547617650829,0.58967503074171,0.489423661380666,0.533921283024019,0.720528773200533,0,0
0.798938847364337,0.753172528376507,0,0,0.844573591141719,0,0.632786600212695,0,0,0.765055796012576,0.383108613740134,0.86094516211814,0.878706176314319,0,0,0,0,0.889399526957344,0,0.750719139133189,0,0,0,0,0,0,0,0,0
0.638950670526666,0.590545081935821,0,0,0.618756070053435,0,0.428352662642031,0.544265631867817,0,0,0.329951843523488,0.858986909607322,0.665162846976055,0,0.726197654490563,0,0,0.770494208791933,0,0,0,0,0.559931589630135,0,0.749543776580946,0.526612637323629,0,0,0
0.784269931312525,0.807107303250109,0,0,0.98482186532001,0,0,0,0,0.793170644137347,0.365698676084552,0.89522563271939,0,0.810298051126855,0,0,0.892938970802129,0.939696558492081,0,0,0,0,0,0,0,0,0,0,0
0,0.58437779488405,0.555544591077074,0.827479357434724,0.528924820814314,0.476653050564323,0.557502070246583,0.593654074010562,0.579001287278493,0.468158155564321,0.633450715950597,0,0.571670446054277,0.339149384893164,0.393955304338412,0.503708173271905,0.361691272174925,0.747791119245167,0.382073656817548,0.308942813470977,0.700715982849772,0.340538520452752,0.346727847110517,0.564174326833422,0.428896421189208,0.466251682658538,0.622476707334136,0,0
0.634131644395317,0.655978679757773,0,0.517018580091442,0.673571829974776,0,0.557256774094185,0.887553453104472,0.828682329457529,0.692421854909139,0.331400054284245,0.880735866804865,0.7849459314494,0,0.868517528502897,0.519974562298652,0,0.832968206622523,0.685039241989454,0.699168945049456,0.717503915423464,0.56449441245893,0.718292115017665,0.614315776596749,0.695655441533282,0.614930070441423,0.693078903420655,0,0
0.759589990559328,0.743009223494697,0.705617078989191,0.600720939979157,0.668125486837734,0.822093511374498,0.577792122773331,0,0.873283289164122,0.741217986534205,0.447102977185577,0.904876402910789,0.809647054441014,0.7844705775983,0.888005232199483,0.602916823697236,0,0.734520275826223,0.724768033675588,0.628863479230928,0.676330699791161,0,0.446269052801134,0,0.783780598668632,0.65827684758109,0.791412598187378,0,0
0,0,0.463780346589918,0,0.543441544621821,0,0,0,0,0,0.335037706944199,0.713146712691571,0,0,0.636823986346961,0,0,0.576551469184204,0,0,0.349145802276822,0,0,0,0,0,0.668880393277342,0,0
0.653130523042307,0.670244359739393,0.703583726930167,0.531928748910466,0.617852404650576,0.644570456374849,0.580037812291117,0.898290952476018,0.928217334573651,0.687587927163255,0.437268515810832,0.882946253069152,0.871555137387714,0.707127023547072,0.838077077432472,0.540089140366403,0,0.956749637211011,0.728804312091815,0.974158701324134,0.804548532372893,0.541545811205429,0.526625092427206,0.95106459448587,0.868207162196552,0.650426082416535,0.985671296257759,0,0
0.606951426852867,0.626593509818897,0.448120048129931,0.838441422904619,0.527433255981202,0.434153328502794,0.492885410012801,0.448522596640801,0.630463550794231,0.474147571594973,0.283889221699651,0,0.61399564421069,0.342237469590704,0.331604258408425,0.399037126629299,0.376797861686649,0.572758897872827,0.402244525565826,0.321723213977624,0.730947098802625,0,0.271948895158073,0.529594780571752,0.447407787633073,0.432808595750599,0.491782220370385,0,0
0.60517196379341,0.498540159744704,0.527655147737783,0.875390736925878,0,0.569743774862033,0.7629519920056,0.747739685644124,0,0.51496252354503,0.173716198784886,0.801377994921938,0,0.419031489192134,0.252039342947795,0.395304693569552,0.376152044851168,0.505386316627952,0.409564728611402,0.470862283529907,0.635695927307951,0.252467811782518,0.293095226876395,0.661683609497546,0.503566322483539,0.465207950221534,0.657205713650905,0,0
0.167853436304962,0,0.398662365219549,0.977819599684709,0.252185111468413,0.498693831437558,0.375789815626711,0.46051609901463,0,0,0.182561775116467,0.855974824323803,0,0.233198973783867,0,0.293467948539492,0.260077253613558,0.387107382913369,0.274039872039593,0.316017013148708,0.560158085977439,0.183640567474803,0.25436575571073,0.466901875062755,0.521260318940787,0.315346222621683,0.38967668565905,0.708819291120845,0.858053116010315
0.650695990170812,0.643674758596136,0.603365124391235,0.554611039300557,0.641587955829633,0.617075091210524,0.506365293094679,0.581460838442394,0.82490505107331,0.731618462794378,0.455532188117479,0,0.761654755065129,0.655868319742168,0.779188437679204,0.453676084015108,0,0.623452945453403,0.627244446000325,0.5662462859253,0.530359936228074,0.442972248349211,0.367978185894672,0.925282114270721,0.824507062990483,0.605770178859404,0.643627156980307,0,0
0.892407803558604,0.859279245596104,0,0,0.988766831488646,0.979900575684831,0,0,0,0.930113434643851,0.763750774653308,0.89639490671356,0,0.927854503671133,0,0,0.989484052784984,0,0,0,0,0,0.880574873825002,0,0,0,0,0,0
0.17028452628121,0,0.341182729999613,0.971450323693078,0.433647343827413,0.546826564835442,0.665928012228542,0.538185344461983,0,0,0.0923384612998362,0.854426290906606,0,0.218930141711867,0,0.252214539609424,0.232679989061023,0.224953731421681,0.277292591603722,0.282745651917996,0.569317060666782,0.173703329044664,0.220152834027846,0.477267863537112,0.471702772967544,0.331503306822306,0.587729286582162,0.721182211259212,0.900950422186261
0.546584784232242,0.611663706517154,0.451164751140089,0.86542046623067,0.498011020137228,0.481067943369462,0.596146752028363,0.410257031760492,0,0.451030957328468,0.253409338123502,1,0,0.280958275735879,0,0.345680712969276,0.255349946446541,0.58253376784729,0.308421813431092,0.502166117479182,0,0,0.218485192851065,0.427058718014567,0,0.413415632278574,0.692130702541866,0,0
0.681468806987976,0.648061504222489,0.481193976368993,0.837815433293116,0.59299604643722,0.507952204091943,0.584934968400394,0.654979563933604,0,0.503025842293137,0.449882505621529,0,0,0.384068527807757,0.380315889257847,0.421635971395154,0.396670477547277,0.657709892391739,0.424308475476699,0.41056407127799,0,0.344786953438628,0.262186331099144,0.599568403344465,0.482928996548504,0.482096011620084,0.643919281678717,0,0
0.794056063472003,0.788220721365892,0,0,0.982256667775031,0,0,0,0,0.811263100314188,0.453714749641942,0.885940016424516,0,0.773204437791569,0,0,0.918277736068568,0.908607402025682,0,0,0,0,0,0,0,0,0,0,0
0.686657310246986,0.630972499265124,0.536776011716919,0.85366098554238,0.557622899011076,0.476146258073253,0.550407116509728,0.726166893187975,0,0.482699080072958,0.222548572769799,0,0.52194156340431,0.362918356260854,0,0.424877375978141,0.416033452148067,0.528736690626117,0.42528968104059,0.387984237164764,0.730281181805086,0.33381417793488,0.24649610971509,0.642736464683183,0.451256117775103,0.452195543603413,0.584492087791833,0,0
0.600822325266523,0.614530427218616,0,0,0.667577654522312,0,0.470948921484145,0.750054786963107,0.794318073488527,0.651235884365908,0.225856875159865,0.86043093434992,0.713276491126584,0,0.815478289648271,0.454843254768986,0,0.67224249522382,0.601356359047519,0.572271282283694,0.632298523936779,0.482857960623861,0.589295223759266,0.53303905443607,0.652878709470881,0.583206384349359,0.6070244164905,0,0
0.674467688872661,0.715332440568548,0,0.539280152125356,0.671930274638016,0.791231237544336,0.553778216165537,0.912865210623001,0,0.687367720478614,0.341405904557898,0.866166127744653,0.824667342435058,0,0.900931628148255,0.494785538854471,0,0.802145086461007,0.706940874939016,0.721315331842852,0.66915899838121,0.592398104279059,0.472040645548145,0,0.775258512033518,0.635123560248372,0.769256515223799,0,0
0.744222223106222,0.775333996136637,0,0,0.74561208359735,0,0,0,0.86025734065317,0.753659402351466,0.31567135878941,0,0.862351485052527,0.704188102552397,0.896224222978593,0.53328850764462,0,0.685652994530619,0,0.802620288392118,0.707758434455998,0.605305043885904,0,0.493528482382248,0.865776429538924,0.720180365294445,0,0,0
0.552020023251881,0.609172812601115,0,0,0.630366748280598,0,0.39826940901652,0.680818964853438,0.813469293334845,0.601251733848806,0.181953290623535,0.882431317540559,0.665162846976055,0,0.708582053053039,0.398252989861736,0,0.681796494719588,0,0,0.662020960997111,0,0,0,0.668428078098663,0.518693155186943,0,0,0
0.510271178589453,0.546328073906147,0.417838027319114,0.834488789656171,0.490072247861102,0.395414214723304,0.431973287338441,0.365765870685118,0,0,0.140922919080052,0.873944715192602,0.469534636613377,0.272080007570616,0.241855827949444,0.318328383278105,0.270376544918419,0.451249303146498,0.305008070176935,0.380634408096659,0,0.24931293327318,0,0.45586981774205,0,0.371128196949469,0.512018819735697,0,0
0.472343708160499,0,0.453912323539295,0.989035523525528,0.552188255101628,0.624243395211647,0.849377692919673,0.822550959258533,0,0,0.583266902912825,0.930103723270624,0,0.315579671791685,0,0.365286510222808,0.366210837532927,0.521766091881314,0.358750803856134,0.508958431241662,0.603301783989718,0.270859731769842,0.254120191299984,0.746047657411855,0.482722312114649,0.405093252713463,0.72496329805877,0.906046751755158,0.946787357927078
0.545884810096775,0.576944322813198,0,0,0.623200494575246,0,0.428352662642031,0.624771303652621,0,0.564612179200312,0.194610517606103,0.857237825505575,0.649373347668242,0,0.741333297296153,0.404308198452173,0,0.710816705549807,0,0,0,0,0.545826514503062,0,0.668428078098663,0.526612637323629,0,0,0
0.567451559098262,0.601816806172847,0.638650118248983,0.850604340987339,0.507689012913589,0.441385958587314,0.503100108517267,0.39187911641204,0.652738496713081,0.473114503352641,0.292967925826066,0.924940844511994,0,0.28346595400556,0.237651368770412,0.503426522914967,0,0.644125903833448,0.340552210885821,0.419683484150853,0.744071534306223,0.279210659521783,0.259872567694067,0.462530773736886,0.433880722107056,0.404634514872823,0.583267987309277,0,0
0.353296064454472,0,0.406428637150152,0.988774223947565,0.252185111468413,0.569012719137204,0.750846258664793,0.663866236141142,0,0,0.23180077624557,0.891870147335815,0,0.242408782855492,0,0.309749424695945,0.29908485935015,0.71359446583001,0.300226577557628,0.456576498429526,0.590790074049779,0.195207721409109,0.264566305288107,0.510500215357006,0.457108499743911,0.346851582727902,0.659659043717244,0.783473014441853,0.935078714959301
0.631210367970628,0,0,0.518353417127419,0.631754630788802,0.640812605069711,0.551017178791648,0,0.824550372333439,0.68135192026264,0.412048576769518,0,0.781272148926653,0,0.845933399687313,0.496565111503655,0,0.832904869475601,0.630770929056501,0.675373539000165,0.578762809661343,0.521149699570245,0.464093006643664,0,0.729023456306033,0.601597710513197,0.628869285459017,0,0
0.167853436304962,0,0.339136775493553,0.981458748512672,0.252185111468413,0.516102321035961,0.597268122536848,0.439307704320117,0,0,0.15664361270686,0.824269970287198,0,0.225469290000609,0,0.256538519591143,0.230602613551913,0.488289847574405,0.277292591603722,0.383578172316695,0.562300603623138,0,0.250752264989035,0.437561281660529,0.386727535536,0.301748075911496,0.539451370281627,0.683501260179006,0.872167665679415
0.79391154596274,0.629608260807412,0.529345242857448,0.82964363809397,0.584032450580653,0.450807496370968,0.573248313199668,0.472006532663206,0,0.495325515020269,0.394059621368201,0,0,0.390008224903726,0.351603386349611,0.422308970278218,0.444180822949919,0.699013869785928,0.458787228744957,0.409320196330961,0.781234490954555,0.346396379814548,0.396311589423506,0.629159046641531,0.462770105752989,0.452078186557174,0.555667783710079,0,0
0.458949308076104,0.493953752425855,0,0.329660030979269,0.633880689914033,0,0.382518131519524,0,0,0.575730016542754,0.418687914308122,0,0.665512223125602,0.532242710402547,0.726225004708592,0.402789516418412,0.637866335698494,0.855558174299318,0,0.729700505828443,0.483671937018967,0.405561650932253,0.656295324452666,0.442769378646679,0.676104324986711,0.557277041867255,0.618616913039451,0,0
0.580803585937796,0.589385870390329,0,0.440533638082024,0.617805009814707,0,0,0.767903361746849,0,0.601431050013433,0.360676267358256,0,0.697024727072306,0.607487694376236,0.696078975578338,0.385003392953269,0,0.802884401065332,0.597824666357758,0.602739040581243,0.535315007292391,0.475775730751623,0.472004255493685,0.807230531229795,0.77223413027912,0.553187332850073,0,0,0
0.815970610263101,0.784373918848785,0,0,0.868910735190414,0,0.692114190134803,0,0,0.803581597951415,0.370283781913782,0,0.927523994929765,0,0,0,0,0.966113177546958,0,0.767994436103472,0,0,0,0,0,0,0,0,0
0.637224400705905,0,0,0,0.62394257063099,0,0,0,0,0,0.240326333024817,0.91354971633202,0.72047529026414,0,0.763684684685505,0.433763623535247,0,0.687504423300364,0,0.673421785759395,0.615214410966645,0.515227919047938,0.583501660393021,0.548116864145504,0,0.587848495325996,0,0,0
0.580855322353331,0.612546559534226,0.657143940291916,0.832490536760277,0.540204811698617,0.518071396144005,0.647979659265084,0.49900788842767,0.551812182783722,0.473632075214663,0.465900610317572,0,0.537129773436503,0.30105788295705,0,0.44266538603589,0.255870347492276,0.748767682086977,0.343615385056856,0.588469004582992,0.762213334127786,0.283698515372644,0.248579539777798,0.503162517278563,0.397737742881513,0.442231333974045,0.745906457221513,0,0
0.641164885522183,0.660978429846962,0,0,0.661332555620618,0,0.472059350809594,0,0,0.659259469204476,0.297904158661522,0.864599579092674,0.793847032782624,0,0,0.456385726564382,0,0.708341346234307,0.611861896605507,0.617181997786928,0.595463527153148,0.534903317758892,0.378693108496488,0,0.727612064226178,0.573908788132104,0.635014414284453,0,0
0.532687489906747,0.545056320403981,0,0,0.603253711303357,0,0.428352662642031,0.923332229420772,0,0.604371730596335,0.242094373116109,0.854471246009575,0.672424716443121,0,0.766393679001527,0.404308198452173,0,0.620626550666577,0,0,0,0,0,0,0.685630650798988,0.526612637323629,0,0,0
0.588637475122142,0.615237073389226,0.819530762362498,0.842566111413414,0.537303863579146,0.429192992958904,0.395854163142524,0,0.565344344819268,0.504735298150568,0.632269262556733,0,0.534603894192347,0.339408795583603,0.295229462942692,0.792488412771553,0,0.695877188205461,0.427230102520684,0.350777629422874,0.746965707198925,0.548979614410714,0.657411108606822,0.445710670800433,0.439315977653055,0.46618932298904,0.439313576080315,0,0
0.507886908640013,0.527888940781175,0.421358079635055,0.926403323818323,0,0.544214723736308,0.821657175090864,0.680590551579115,0,0.454486551044112,0.540048433230323,0.725899532936325,0,0.223482883104416,0.351603386349611,0.322258891090594,0.231245758028282,0.477195261635494,0.305008070176935,0,0.684123905220376,0.313254622862002,0,0.38358833407337,0,0.402996556811766,0.718753568185754,0,0
0.570340924085337,0.622094621056102,0.644745819571922,0.865722892575118,0.504006246986633,0.514102230231387,0.678999252862603,0.491821070951136,0,0.462017409585424,0.418226902589201,0,0.593241563116193,0.289755531094127,0,0.465254478391193,0.269455950671637,0.751527573644291,0.35552739777044,0.70227947637949,0.760796078417851,0,0.247151278803747,0.5426291837064,0.390738503631877,0.414848982568961,0.761353214597896,0,0
0.780897113103966,0.786100316775926,0,0,0.991139660412399,0.940319840918682,0,0,0,0.716685901203441,0.311925670436298,0.915856878217696,0,0.810298051126855,0,0,0.935700689278702,1,0,0,0,0,0,0,0,0,0,0,0
0.701119782050113,0.6855077132288,0,0.54998373197815,0.611113068071735,0,0.584350900832654,0.915882982438606,0.830735230585718,0.767340321456022,0.61397487234173,0.855678930427288,0.901366086959898,0,0.882195224538934,0.58177485759676,0,0.848705333833026,0.70088292077891,0.618653381359184,0.667370903090521,0.746740571334438,0.570512678476064,0,0.813845239919571,0.654134645923494,0.687969253975524,0,0
0.583472866700334,0.579864216976176,0.520305890027653,0.82907790586765,0.546396023263928,0.526542714816451,0.663091985888576,0.766904642390617,0,0.476410472066207,0.514199040374778,0,0.465758253905009,0.318521309606983,0.271900035144456,0.406770829609901,0.34620035217538,0.751236378872289,0.384036505621771,0.46153481077029,0.688403160395525,0.293640892040962,0.266787692431339,0.607071625403297,0.405127034826864,0.42432547252582,0.716352393819089,0,0
0.669307140325174,0.642819792597067,0.504723498330607,0.851539879868524,0.581773951865515,0.506572849914701,0.626327629534762,0.723249062557674,0,0.510218026639676,0.238529035567997,0,0,0.425360522847312,0.407464107081374,0.422500711867647,0.418375331727867,0.490045749281835,0.42440693070498,0.427150966796904,0.732889760953421,0.365021283958009,0.280941377684383,0.57256597288739,0.466496790147711,0.480047859647633,0.672573570100474,0,0
0.483636995416613,0,0,0,0.606267493085976,0,0.355241679701039,0.306425227454083,0,0.527189275224088,0.218120556369054,0.832916449087622,0.611618081162562,0,0.681502328796313,0,0,0.564748173567135,0,0,0,0,0,0,0,0,0,0,0
0.683636307792243,0.681037421128432,0.737361878329695,0.542321083337846,0.63736895587825,0.680884413898817,0.536183885249376,0.898290952476018,1,0.677708140891122,0.401503198081342,0.894209087679487,0.871555137387714,0.711350946228613,0.836749978792829,0.540089140366403,0,0.678203747244934,0.723110798726186,0.593356305127226,0.563938802150722,0.466540997229792,0.43410409252661,0.977937885230052,0.853683296392878,0.64051673193004,0.757223227147634,0,0
0.831113972567745,0.74840831663157,0,0,0.859411011307793,0,0.611084822511926,0,0,0.747929763635684,0.430778281962913,0,0.865312613952865,0,0,0,0,0.847099179955834,0,1,1,0,0,0,0,0,1,0,0
0.831113972567745,0.770087062856067,0,0,0.845542344656358,0,0.666419370825873,0,0,0.756811656771118,0.431944977300538,0.908434556908163,0.9320924269943,0,0,0,0,0.858845538549311,0,0,0,0,0,0,0,0,0,0,0
0.772352199558495,0.745931083518661,0.608312420526678,0,0.847759176789356,0,0.632786600212695,0,0,0.785088443552662,0.454097282240408,0.867599325351861,0.878706176314319,0,0,0,0,0.805742659396743,0,0,0,0,0,0,0,0,0,0,0
0.824009849892269,0.378250009284637,0.546419147241153,0.561519108577094,0.745134976485185,0.738197838644642,0.669869279669698,0,0.567259496510234,0,0.313693776693487,0,0.752734805242293,0,0,0,0,0.817637412178161,0.665146955233514,0.438255490581255,0,0.480152370103,0.483390770515295,0,0,0.534706908062452,0.560441669142987,0,0
0.747422358376088,0.646366343854349,0.546537371099062,0.854552125186224,0.572791535087498,0.465496009938908,0.564411304039906,0.512839554997881,0,0.502123721134295,0.312843800991418,0.94157200595073,0.577573235635393,0.389423155355458,0,0.440807157065396,0.480154683262096,0.573529507241488,0.476310977604624,0.415791728279356,0.793517833093545,0.356390540919564,0.329689169912858,0.653365710880368,0.453678088220109,0.461608918327212,0.533369093269395,0,0
0,0,0.283129875615423,0,0,0.176350325295045,0,0.289815190101888,0,0,0,0.248798209610744,0,0.143363017982948,0,0.244416609166689,0,0,0,0.496821263275759,0,0.139459925868719,0.483850974236475,0.502232269791642,1,0.329425166476878,0,0,0
0.620502832287681,0,0,0,0.625037550089345,0,0,0.796138116228187,0,0,0.264229645206882,0.926199733035121,0.682744253228285,0,0.737264164937637,0.387915270497327,0,0.733508233292184,0,0.662866520403313,0,0.499213362802402,0.589989456148701,0.510829775712124,0,0.587848495325996,0,0,0
0.55084801059097,0.616512741701539,0.410544513111582,0.84614620183066,0.516261524125349,0.442090976102307,0.539100887260079,0.502093797070875,0.586963243855012,0.462123373381156,0.228803433608732,0.949811779239979,0.612541947781538,0.319103808828576,0.325615740262809,0.346786133213516,0.305448745073792,0.59597941968153,0.357190430255015,0.440295841834878,0,0,0.255706990696086,0.447216085421561,0.428160637716228,0.420504026911409,0.603801084007152,0,0
0.410222819168832,0.446331650319418,0.410768252464749,0.888060007401868,0,0.507182548261728,0.629621080550939,0.50384169267484,0,0.488089941662403,0.193701606880191,0.788867201877749,0,0.252438925355645,0,0.269344305745546,0.227000456021106,0.451318369427073,0.296455156058754,0.434246613329371,0.610093043744437,0,0.240838853235959,0.47021521345113,0,0.362456425811666,0.597235666275855,0,0
0,0.605495413804485,0.394726968987611,0.826307881737267,0.503036559711988,0.39902898717463,0,0.296394826869974,0,0,0.282930149702855,0.890617821741795,0,0.260720924645955,0.258758097813857,0.310150018850096,0,0.376326873435281,0,0.312598757459753,0.718822341727165,0.272276891900882,0.174069039584645,0,0,0.410124295950825,0.459517046888246,0,0
0.597998493011158,0,0,0,0.593727321008179,0,0,0.869699249701207,0,0,0.170825578697512,0.831709046984085,0.736526209539444,0,0.751302734602604,0.413116004590711,0,0.463433192038604,0,0,0,0.507595377659247,0.467114890301183,0.566995091966749,0,0.594971314947652,0,0,0
0.657241953658755,0.649495573981085,0,0,0.653383103197039,0,0.530684430410159,0.807442474194164,0.810900800667048,0.718625520231483,0.61052221144304,0.836586134797817,0.80896280148245,0,0.845600311716618,0.539467081865835,0,0,0.660128350310575,0.6806734407325,0.604761732907389,0.609941161261322,0.736221887877053,0.570550533941026,0.695655441533282,0.668671312848043,0.698884021390262,0,0
0.721288893906417,0.728622431173731,0,0.537680317639621,0.657236687008057,0.698923612884094,0.567360144210556,0.759124392134129,0,0.830079400476219,0.692521776411503,0.849821415120613,0.973882678530774,0,0.951764865698961,0.662303458242321,0,0.801428189280043,0.698138687858737,0.617181997786928,0.695170157942952,0.919133775423191,0.664136031053318,0,0.797117227878954,0.725876694452215,0.648969626212909,0,0
0.608930934663212,0,0.532195493147358,0.522071210749521,0.627091380771371,0,0.521354966138616,0,0.791906819251976,0.62812046459103,0.278506335618388,0,0.746788353451488,0,0.798315856575909,0.469044409877214,0,0.731003314529332,0.618045352310245,0,0.557705417622131,0.493615393190375,0.389429587381456,0,0.698533669041551,0.573546947243446,0.532345426463597,0,0
0.667437984565212,0.667340755123063,0,0.507925990921273,0.662218277685712,0,0.557256774094185,0.870385921004708,0.757693846118525,0.716500569733905,0.53451447520442,0.863867338271776,0.835847883162217,0,0.868517528502897,0.533334863388367,0,0.738943183709639,0.619409509558723,0.584407065474186,0.574695504609932,0.592039425544048,0.729579702509623,0.594789394576463,0.714505403444673,0.638732656179509,0.6369874384044,0,0
0.593695174655031,0.639930135227766,0.525865626418489,0.841549450625176,0.539476368063018,0.571376949933766,0.748746747415276,0.557472125989521,0.572413377541091,0.480453312717829,0.648967596265547,0,0.602124569227903,0.346770752686626,0.328548398401243,0.464674149611749,0.397135053282657,0.786906641876103,0.407619109750384,0.469688095206527,0.772868469785105,0.333128674180669,0.282197502298722,0.601400793866494,0.431980371987752,0.474260207688623,0.802251181798931,0,0
0.772812127681009,0,0,0,0.718326727690426,0.64135048898018,0.616767182328738,0,0,0,0.124968457920627,0.83661198206977,0.65870180340714,0,0,0,0,0.757727731758201,0,0.487791840702081,0,0,0.39920740601447,0,0,0.459469556630529,0,0,0
0.609846742374048,0.637293992549221,0.619847414442164,0.462283737782856,0.634935561369904,0,0.458804374253177,0.581460838442394,0.7609199593947,0.624767221155698,0.202801835391432,0,0.697024727072306,0.63381881598055,0.748690232664181,0.419109953576442,0,0.650815839847796,0.61640935882699,0.590293566314063,0.504156424761486,0.400300705161512,0.356050841636709,0.90155988314416,0.802661501684046,0.573801998086007,0.637225595652628,0,0
0.640912280179193,0.613997840769866,0.479728919352287,0.842418859942419,0.564663201314307,0.491886658604511,0.631781885214982,0.60712627959126,0,0.459699814448941,0.33242279440144,0,0,0.373061117885931,0.354083707870308,0.386950804190881,0.406021913288414,0.597407295063083,0.411698873154111,0.555223739814929,0,0.311726146721189,0.404951310732375,0.55638870382465,0.424610955641213,0.455068630276431,0.693828141353942,0,0
0.583727295869654,0.612506563197792,0.518003861010502,0.856905690244675,0.555211293044413,0.482183702561155,0.544429164567845,0.478771856803144,0,0.503308063564726,0.523568532977142,0,0,0.345272537331704,0.362025228701157,0.388514981622993,0.337896985603838,0.660938657910559,0.382821686322959,0.360746888297717,0,0.33105742956679,0.305339990001027,0.521393783123774,0.445740464714224,0.459931326295066,0.629938601078598,0,0
0.599901725367787,0.579954791023539,0.646459081634788,0.854969174104355,0.562369419094931,0.573448329706442,0.772364530386047,0.57682818713791,0,0.598348126782477,1,0,0,0.410050370083389,0,0.376437954682207,0.326927923163436,0.956096206981082,0.384639675302391,0.290886455453429,0.741910064901175,0.431152075284672,0.482165503655975,0.486049214520771,0.461279734011958,0.599047960952514,0.912376886001032,0,0
0.379059959564073,0,0.478613765506418,0.986774273825953,0.453702214062914,0.581763184299495,0.817372337948607,0.780407215333588,0,0,0.322126727944247,0.85639115343768,0,0.206183119078479,0,0.389826109667354,0.257545782998902,0.693475441730149,0.274977573161873,0.400871775569265,0.609942178413798,0.164052863001792,0.34931788364341,0.521393783123774,0.440950414910689,0.183777006843948,0.699984166928726,0.829386712017144,0.873291978499204
0.497142981236178,0,0.469025000166128,0.977369128615204,0.566996689750255,0.583288269002255,0.701434226892871,0.661671444377436,0,0,0.41577395592732,0.915909527053373,0,0.3499739742544,0,0.384389695764898,0.375223198178582,0.469041755779942,0.387090320574078,0.392794695945411,0.601049525712521,0.261136309543161,0.2782874493767,0.611669631989674,0.494946082266042,0.419201698514181,0.618165213649409,0.87221926416016,0.939716033520681
0.670188477067396,0.691647035716598,0,0.490831201116181,0.671688984919249,0.698923612884094,0.553778216165537,0.745765357563537,0,0.683817301981499,0.409825329300579,0.895172506700154,0.841548580239045,0,0.891134377775055,0.494785538854471,0,0.804379038970107,0.683439239286985,0.641129732102327,0.587630495822147,0.568591574946089,0.457094955966908,0,0.761980609386732,0.630515007187664,0.697255231698568,0,0
0.62655342897555,0,0.540247435668312,0.501265232187106,0.639973332977274,0.625530299266208,0.537209778890562,0,0.852573781328992,0.637043962527008,0.313390976949241,0,0.776813539950873,0,0.845933399687313,0.496565111503655,0,0.775035191197633,0.642129420885458,0.654301119824022,0.605051966371759,0.515094237640528,0.405702275622927,0,0.719968113330154,0.591341032611773,0.719135911909031,0,0
0.604634409358263,0.600899382311232,0,0,0.588589667761627,0,0.445678627908719,0,0.687638378387002,0.643515950570174,0.558622682109528,0.843739246571089,0.736205231395154,0,0.749091430283987,0.453676084015108,0,0.67698197393567,0.613429883608028,0,0,0.553196473381416,0.454578722504065,0,0.717312803749976,0.572013092284074,0.614126387970499,0,0
0.618326089904017,0.473109315757937,0.559291226389647,0.822732013998184,0.619526189206604,0.638945019898891,0.954936436693105,0.885938307692017,0,0.532136993447018,0.587324844563928,0.783532774720972,0,0.435279385706407,0.307364615234712,0.461813010735409,0.368949092943469,0.722057931488584,0.401542097367194,0.48840843380027,0.61496467782569,0.334156018775167,0.413773512467585,0.579948344332402,0,0.515625611367463,0.838019063302156,0,0
0.652120440461194,0,0,0,0.626128898506313,0,0.556116836306921,0.796138116228187,0,0,0.413167568325171,0,0.764514627569912,0,0.802360731434784,0.451314619396411,0,0.864021242709051,0,0.599110088317944,0,0.507595377659247,0.653260459059115,0.602906531410664,0,0.607816743070947,0,0,0
0.586800541112035,0.606862159650967,0.847825482718396,0.813421283962482,0.528539374236496,0.475367230097431,0.573906234163692,0.546138378097565,0.599832944313422,0.488694350363208,0.568149431155163,0,0,0.331455954530304,0,0.77344630285319,0.294702712381327,0.686675668058077,0.370078273535932,0.319691543857,0.673033591783735,0.332785006941341,0.427228601911621,0.509322127382354,0.558417183042679,0.466417811314697,0.656212817197202,0,0
0.577775136830464,0.58719399282868,0.495885377024592,0.853549183682129,0.51873945733976,0.475246954301764,0.582068326439625,0.594281034711338,0,0.542877960445191,0.606630563711991,0,0,0.335477091201418,0.293414968728652,0.306915433471008,0.333245374083926,0.846776089749279,0.37303654900203,0.45124630089433,0.673535050355127,0.304295820551551,0.238466781672495,0.526914096047483,0.47259615146504,0.407980089226351,0.682360699035764,0,0
0.567339425924616,0.577670760010918,0.46596651056244,0.83706344796278,0.525659458174809,0.456512269817388,0.526607892865479,0.672473699202608,0,0.459483761057619,0.292086073637409,0.969550402589063,0.474983610025015,0.329273354538821,0.295454776683309,0.386708732316008,0.32106746423412,0.610288768039777,0.357190430255015,0.365476239115393,0,0,0.293965289254664,0.528309285196923,0.413855818366566,0.438067042870134,0.59378605383024,0,0
0.404229598086559,0.346821534137234,0.367368345617772,0.894742779521129,0.468221052764373,0.489623594459838,0.635187722615124,0.50384169267484,0,0.447281916781306,0.379506737467642,0.774031296333498,0,0,0.139047593279556,0.295463091787806,0.196150379091192,0.52544997967619,0.236461581858207,0.291926039741295,0.562749224350718,0,0.266897634246826,0.38019192377233,0,0.36230370963229,0.607568519734553,0,0
0.574744461814104,0.580934015850574,0,0,0.591274942190352,0,0.303796508858484,0,0.700064437545188,0.600616139280853,0.282769477783148,0.845308243728817,0.685854581914005,0,0.715171450106322,0.354007848054938,0,0.526197787747818,0.52205483003291,0,0,0.453374865556192,0.266677644545585,0,0.684813017201541,0.533758873729388,0.619520451662425,0,0
0.840988914679852,0.375025104664073,0,0,0.727208706845184,0.680544421388981,0.676194911575792,0,0.506073848472395,0,0.220142687608712,0,0.719338078529691,0,0,0,0,0.767977723840224,0.621493848769359,0.446113187650127,0,0,0.383853094977416,0,0,0.515788387127553,0,0,0
0.451378417609375,0.381083782040248,0,0.842937864834827,0,0.481698550886535,0.651732782115373,0.546138378097565,0,0.479068209364303,0.397998326970184,0.742234606323854,0,0,0,0.183605193851724,0.215289994348875,0.628601004872278,0.260842756233418,0,0.587831569884388,0,0.32873464865449,0.45285994191625,0,0.355862562294424,0.621170081772746,0,0
0.744222223106222,0.727074971653099,0,0,0.725472820084005,0,0,0,0.788883554565457,0.762988564121823,0.51548970920277,0.817100908283253,0.835108222060575,0.701801274346485,0,0.53328850764462,0,0.737870056754666,0.702421253485403,0.584104966761137,0.66987381017295,0.836052874208484,0.911309973595898,0.447733444826769,0.831655895875081,0.697427423919931,0,0,0
0.626435326634715,0.700515968996658,0.532402363838728,0.784533237076769,0,0.573365008731155,0.791104252296858,0.862736188625825,0.638347865441843,0.691559603608916,0.492444715429191,0,0.701412215726789,0.408478907702355,0.455672219058606,0.5030878549836,0.454686589266008,0.560622866627506,0.466339867513568,0.398124198898088,0.769285790551915,0.338545706488448,0.317459835619915,0.618380448423125,0.484080731680885,0.543046822994158,0.785249389924774,0,0
0.622973543421772,0.651473413458161,0,0,0.664877806223116,0,0,0.66939655049684,0.751688796339755,0.710807514084129,0.568896281544934,0.822621225942736,0.806506737224562,0,0,0,0,0.635822891515249,0,0,0,0,0.650318100559892,0,0,0.623467156703,0,0,0
0.543055224422085,0,0,0,0.578628824123739,0,0,0,0,0,0.285469092433272,0.803345235904224,0,0,0,0,0,0.461984532003599,0,0,0,0.421188799503998,0,0.451078520854032,0,0.496802015228934,0,0,0
0,0.602121141952039,0.347623263435339,0.809372964113375,0,0.356281418651018,0.283697383604293,0.29824606166083,0,0.382837016478829,0.105851013618343,0.823621582354544,0,0,0,0.259075302949498,0.196582919998023,0.247910761418885,0.233922223300642,0,0.693653107429846,0,0,0,0,0.33908947573363,0.394010926846694,0,0
0.571165195799018,0,0,0,0.608396549311928,0,0,0,0,0,0.301954067111665,0.84278547962046,0,0,0.701873928969067,0,0,0.741034882037048,0,0,0,0.749339925061769,0.876524755729819,0.510829775712124,0,0.552616504283276,0,0,0
0.649121820774644,0.586704434588332,0,0.529330755955441,0.666469887820816,0,0.504653643423404,0,0.89026497089908,0.655909849784019,0.3320659297831,0.829458331463464,0,0,0,0.553981536438036,0,0.534429530009654,0.636928703365119,0.540421793363534,0,0.527272167501966,0.611726401530811,0,0.826648055311594,0.561181578825199,0,0,0
0.522736069494888,0.586557197017171,0.471334647489987,0.836198510399583,0.469235547736181,0.409192903187179,0.345625863547032,0.350952441125955,0,0.435894554415756,0.414418786923179,0.921021280181865,0,0.265510066814287,0,0.337543056250362,0.222421859773284,0.636468298307303,0.309261394077583,0.270263699655673,0.711241159271909,0.250896819899059,0.235176915550058,0.388051068392858,0.34738632996433,0.404705208177501,0.494052339979063,0,0
0.557819271788033,0,0,0,0.602386181483945,0,0,0,0,0,0.386749303308931,0.854434147214107,0.659963734274511,0,0.721052284161476,0,0,0.70071971258918,0,0,0,0.515227919047938,0.551956059735957,0,0,0.528656441946143,0,0,0
0.52506348032003,0.53581377031124,0.7473837725903,0.849796542960918,0.517004017541951,0.481240238052316,0.603441087484897,0.510723855629997,0,0.443501893635329,0.650017016969548,0,0,0.308004033177756,0.532612330450954,0.436497828316263,0.292921557364505,0.756635530542214,0.345798574157569,0.32220295939968,0.683151218431285,0.369053620910113,0.368835649030539,0.45324662699959,0,0.442256896098739,0.710998408096692,0,0
0.642744007752018,0.500518316613023,0.85255955339786,0.904327882659472,0.633429978548366,0.615888065396285,0.88858812657832,0.790688576661882,0,0.55037848169184,0.764992856483941,0.819660215322892,0.583209235859681,0.445384327595794,0.237651368770412,0.688609847154228,0.356003820270792,0.773585865656819,0.41581205955885,0.514061369338852,0.633146182734812,0.391115875906225,0.433621036445248,0.584496674474752,0.538712056866961,0.578796485419062,0.787569459363183,0,0
0.753515648180305,0,0.44783457873648,0,0.71189577981326,0,0.542640845135406,0,0,0,0.0918733034243585,0.822070797144875,0.640429557416424,0,0,0,0,0.573978779910626,0.576429944217921,0,0,0,0,0,0,0,0,0,0
0.467114043592018,0.530573335804387,0.596249672780102,0.329660030979269,0.623710763920346,0,0.348773027628761,0,0,0.600001548129773,0.510499401489078,0.817296360784166,0.653506932251039,0.535521456133629,0.71218943618658,0.56125459456906,0.583519265101541,0.613858217962946,0,0.461762790569834,0.443289202507364,0.767160448645673,0.89358908053114,0.407996616654049,0,0.609369127266224,0.580919873125362,0,0
0.597390475450258,0.5738197589183,0,0.529330755955441,0.648115441039358,0,0.479023793587857,0,0.829301761947238,0.644809660870632,0.450964449024325,0.818150821052917,0,0,0,0.542115377662596,0,0.663756364069207,0,0.516657849158861,0,0.516824913850082,0.653982494932405,0,0.79503006756734,0.532404372083956,0,0,0
0.652120440461194,0,0,0,0.626128898506313,0,0,0.823230646301932,0,0.722026984382197,0.496159559271738,0.907048042670955,0.764514627569912,0,0.810160487613285,0.546684593848646,0,0.888122408406116,0,0.95301495477948,0.723171947039063,0.639605661235829,0.721092940384772,0.593396379299123,0,0.634028819814064,0,0,0
0.759198949355836,0.754891542488285,0,0,0.746972383703858,0,0.688121873062771,0,0.941719925970105,0.778643221136389,0.405107220092629,0,0.862351485052527,0.725708191201597,0.944983701182915,0.588894973384349,0,0.718586220045701,0,0.604856542992837,0.675852521927073,0.643563072432713,0,0.642608001156892,0.888244884411561,0.737784427794925,0,0,0
0.616036825649508,0.57655960648794,0,0.599974648222597,0.643890784651829,0,0.504653643423404,0.962915850005273,0.829301761947238,0.693500354747414,0.397272368188992,0.80881640321663,0,0,0,0.553981536438036,0,0.671306874633995,0.68626728100926,0.762235251761956,0.662186471126176,0.593559227129916,0.713415192902126,0,0.864090274741879,0.635756213354575,0,0,0
0.60949845469594,0.585645426546827,0.572776363942636,0.937500601323968,0,0.617507568687048,0.922221787661241,0.816774022509861,0,0.599347585925367,0.75626121259918,0.748259233550589,0,0.315579671791685,0,0.416840009015285,0.283070289652577,0,0.474383827427307,0.718538978049157,0.727758777565741,0.441607125195527,0.493170121142463,0.473642905110706,0,0.553862781554988,0.812002123983012,0,0
0.584133578631979,0.619035631729962,0,0,0.642769648835266,0,0.499805165654529,0.710847773594855,0,0.610371064048487,0.380361195473686,0.894358385229782,0.744264500237419,0,0.811399260123221,0.444749907445108,0,0.691994776125277,0.666729468140153,0,0,0.452452008207228,0.619181148462471,0,0.763539895505015,0.564318501275297,0,0,0
0.646173434350455,0.614205224167837,0.4766748321438,0.829602399697286,0.570720355134067,0.444948945273741,0.502114990280896,0.482092887849099,0,0.483478911017145,0.234717620012931,0.894311310321238,0.466750629578734,0.373702818604319,0.349399794490606,0.399817255378363,0.408009750702144,0.658575139850186,0.414809173430489,0.374166054610553,0,0.32896371169756,0.301834935250304,0.562211082030454,0.433821731396182,0.451442397529241,0.562264727559905,0,0
0.740761025160017,0.667528646601317,0.565170436977819,0.594084029852104,0.66094150244298,0,0.63295034567112,0.88246050827309,0.806875914341453,0.670151292000148,0.393509967841888,0.907253931499976,0.775674245220911,0,0.860689718025293,0.504717832643727,0,0.685716209147506,0.68128378818296,0,0.536142571300715,0.49421235918504,0.622132346904959,0,0.889378641142129,0.603094687601624,0.603297299106774,0,0
0.846187116404856,0.395321866741236,0.615409408308354,0,0.724340249227264,0.750173821738903,0.669869279669698,0,0.575980607557681,0,0.463764953571912,0.853488049015364,0.786185864913568,0,0,0.811834458754552,0,0.793513422886286,0.627069190589635,0.428900041441832,0,0.581051849764131,0.439746616944005,0,0,0.567797663488521,0,0,0
0,0.514866536620837,0,0,0.603864104200358,0,0,0,0,0,0,0.676808525504895,0,0.264324889053886,0,0,0,0,0,0,0,0,0,0,0,0,0,0,0
0.805756559832259,0.687552428972869,0,0,0.682245626361165,0,0.528567000932881,0.924648096064553,0.769809871105317,0.77716902599219,0.620517202503688,0.823138912216919,0.883699717968669,0,0,0,0,0.754952607028093,0.708453487541759,0,0,0,0.634893973486774,0,0.753288642615843,0.642150773695807,0.767194934302334,0,0
0.657045324825429,0.644415230005509,0.777911069962876,0.523536431636614,0.624507322452898,0.64315922999288,0.493982744094471,0.775441611477882,0.9674123024561,0.686001379960257,0.47790131245906,0.887633971539459,0.86282753947937,0.67823738500683,0.811493534122573,0.527669148150763,0,0.719840541838841,0.690314660866334,0.555187222458564,0.537890043031803,0.491662399992013,0.427443970632175,0.946938910704936,0.839097206492018,0.64051673193004,0.775858333909091,0,0
0.703768799202201,0.694937362303269,0,0.522731007588595,0.705804243195749,0.664699629351274,0.559751552429915,0.914037326663851,0.817097236189678,0.702939480108122,0.390956983842699,0,0,0,0.88239841316705,0.523029694131317,0,0.862400041675204,0,0,0.72140376687808,0,0.519532272735329,0,0.769915017584672,0.641304497651351,0.553435504856486,0,0
0.645296270118896,0.653702773496692,0.463780346589918,0.429514405347949,0.690784925158186,0,0.502832104655796,0.628665525448203,0,0.662308448464958,0.435706537456618,0,0,0,0.824700968038526,0.438839965608644,0,0.726884795768089,0,0.569973255000493,0.580278945469345,0,0.462363530545079,0,0.717245007106545,0.608110549087,0.71815540274091,0,0
0.577827819096952,0.603739164274671,0,0.449049041522215,0.616900916073382,0,0,0.682185459988778,0,0.582521400149476,0.197996632291932,0,0.643261640923218,0.607487694376236,0.684293400874564,0.371165365265736,0,0.736412165793802,0.535788848039294,0.622459080503629,0.446120859134761,0.385439904836386,0.385690679659277,0,0.762334077479767,0.55639227636251,0,0,0
0.594793334083052,0.637293992549221,0.51831822468026,0.500774306852191,0.625056670936287,0,0,0.53275210140944,0,0.701685944943591,0.489176808299554,0,0.782913684792958,0.63140006281452,0.767954769803348,0.43754321791762,0,0.864578856837996,0.590841504589024,0.558437875743889,0.535315007292391,0.458462857959251,0.472892486698355,0.846874610127835,0.802661501684046,0.729187192250195,0.733541397107842,0,0
0.611146395027496,0.621154779309238,0,0,0.599548031967334,0,0.469886057882717,0.698501339021418,0.738786732535034,0.600616139280853,0.298462228985818,0.875617322713782,0.716554071495049,0,0.765283984275087,0.453676084015108,0,0.825864101263376,0.657552461407566,0.7077330222172,0.578012192345223,0.503662828965352,0.423559380186381,0,0.750724654167659,0.572013092284074,0.669032334115473,0,0
